<?xml version="1.0" encoding="UTF-8"?>
<project-private xmlns="http://www.netbeans.org/ns/project-private/1">
    <editor-bookmarks xmlns="http://www.netbeans.org/ns/editor-bookmarks/2" lastBookmarkId="0"/>
    <open-files xmlns="http://www.netbeans.org/ns/projectui-open-files/2">
        <group>
            <file>file:/home/fast4shoot/prog/FYO2015/src/fyoprojekt/Element.java</file>
            <file>file:/home/fast4shoot/prog/FYO2015/src/fyoprojekt/ElementFactory.java</file>
            <file>file:/home/fast4shoot/prog/FYO2015/src/fyoprojekt/TelescopeCanvas.java</file>
            <file>file:/home/fast4shoot/prog/FYO2015/src/fyoprojekt/Point.java</file>
            <file>file:/home/fast4shoot/prog/FYO2015/src/fyoprojekt/Vector.java</file>
            <file>file:/home/fast4shoot/prog/FYO2015/src/fyoprojekt/LineHit.java</file>
            <file>file:/home/fast4shoot/prog/FYO2015/src/fyoprojekt/LineElement.java</file>
            <file>file:/home/fast4shoot/prog/FYO2015/src/fyoprojekt/LineEquation.java</file>
            <file>file:/home/fast4shoot/prog/FYO2015/src/fyoprojekt/FyoApp.java</file>
            <file>file:/home/fast4shoot/prog/FYO2015/src/fyoprojekt/FyoView.java</file>
            <file>file:/home/fast4shoot/prog/FYO2015/src/fyoprojekt/Ray.java</file>
        </group>
    </open-files>
</project-private>
